행정구역,시군구,도서관수,장서수,2025년06월_계_총인구수,도서관 개당 인구수
강원,강릉시,18,580837,206904.0,11494.666666666666
강원,고성군,13,179227,26812.0,2062.4615384615386
강원,동해시,24,497645,86854.0,3618.9166666666665
강원,삼척시,14,379608,61311.0,4379.357142857143
강원,속초시,10,319419,80101.0,8010.1
강원,양구군,8,97059,20472.0,2559.0
강원,양양군,5,79473,27322.0,5464.4
강원,영월군,10,243328,36361.0,3636.1
강원,원주시,67,1108112,362405.0,5409.0298507462685
강원,인제군,17,185169,31005.0,1823.8235294117646
강원,정선군,19,180300,33346.0,1755.0526315789473
강원,철원군,6,230235,39996.0,6666.0
강원,춘천시,29,975224,285375.0,9840.51724137931
강원,태백시,16,308219,37556.0,2347.25
강원,평창군,12,295527,39963.0,3330.25
강원,홍천군,11,252556,66412.0,6037.454545454545
강원,화천군,3,86177,22550.0,7516.666666666667
강원,횡성군,13,283025,45870.0,3528.4615384615386
경기,가평군,14,411900,62177.0,4441.214285714285
경기,고양시,101,2695778,1063175.0,10526.485148514852
경기,과천시,6,589985,81981.0,13663.5
경기,광명시,50,1177551,286090.0,5721.8
경기,광주시,33,1063216,397310.0,12039.69696969697
경기,구리시,22,777485,186525.0,8478.40909090909
경기,군포시,42,1268776,253253.0,6029.833333333333
경기,김포시,47,1400452,485070.0,10320.63829787234
경기,남양주시,72,1852674,730245.0,10142.291666666666
경기,동두천시,7,391451,86950.0,12421.42857142857
경기,부천시,96,2710582,763599.0,7954.15625
경기,성남시,122,3440663,909210.0,7452.540983606557
경기,수원시,165,4967172,1191063.0,7218.563636363637
경기,시흥시,111,1534172,515106.0,4640.594594594595
경기,안산시,84,2015884,615689.0,7329.630952380952
경기,안성시,22,1064951,195797.0,8899.863636363636
경기,안양시,76,1977555,563546.0,7415.078947368421
경기,양주시,55,1001654,292688.0,5321.6
경기,양평군,24,533754,126873.0,5286.375
경기,여주시,20,606522,114304.0,5715.2
경기,연천군,14,262257,41063.0,2933.0714285714284
경기,오산시,33,774388,246976.0,7484.121212121212
경기,용인시,149,3546689,1091797.0,7327.496644295302
경기,의왕시,37,771667,155343.0,4198.459459459459
경기,의정부시,49,914625,461706.0,9422.57142857143
경기,이천시,26,740933,223352.0,8590.461538461539
경기,파주시,82,1696933,519010.0,6329.390243902439
경기,평택시,76,1548983,602442.0,7926.868421052632
경기,포천시,27,597996,141167.0,5228.407407407408
경기,하남시,67,1029154,328214.0,4898.7164179104475
경기,화성시,216,3330913,979683.0,4535.569444444444
경남,거제시,26,558230,231887.0,8918.73076923077
경남,거창군,14,222803,59360.0,4240.0
경남,고성군,9,182787,47511.0,5279.0
경남,김해시,73,1694857,532477.0,7294.2054794520545
경남,남해군,8,179559,39431.0,4928.875
경남,밀양시,22,438405,99956.0,4543.454545454545
경남,사천시,27,394870,108036.0,4001.3333333333335
경남,산청군,10,171540,33086.0,3308.6
경남,양산시,71,1261173,360300.0,5074.647887323944
경남,의령군,6,96347,24854.0,4142.333333333333
경남,진주시,71,1089731,337529.0,4753.929577464789
경남,창녕군,8,280762,55377.0,6922.125
경남,창원시,125,4305775,994887.0,7959.096
경남,통영시,34,450625,117545.0,3457.205882352941
경남,하동군,10,138389,40322.0,4032.2
경남,함안군,10,195271,58138.0,5813.8
경남,함양군,10,155072,35760.0,3576.0
경남,합천군,18,199900,39649.0,2202.722222222222
경북,경산시,29,542595,265622.0,9159.379310344828
경북,경주시,32,673381,244411.0,7637.84375
경북,고령군,6,106328,29874.0,4979.0
경북,구미시,50,1274243,403974.0,8079.48
경북,김천시,15,494745,134925.0,8995.0
경북,문경시,13,423702,66259.0,5096.846153846154
경북,봉화군,5,110317,28508.0,5701.6
경북,상주시,14,313326,90996.0,6499.714285714285
경북,성주군,5,109715,41029.0,8205.8
경북,안동시,17,703897,153754.0,9044.35294117647
경북,영덕군,4,97206,32958.0,8239.5
경북,영양군,3,105972,15231.0,5077.0
경북,영주시,11,399106,98042.0,8912.90909090909
경북,영천시,13,293798,96797.0,7445.923076923077
경북,예천군,22,298297,54117.0,2459.8636363636365
경북,울릉군,2,87037,9022.0,4511.0
경북,울진군,11,287563,45999.0,4181.727272727273
경북,의성군,12,194847,48325.0,4027.0833333333335
경북,청도군,4,168484,40286.0,10071.5
경북,청송군,5,131044,23552.0,4710.4
경북,칠곡군,28,479740,105895.0,3781.964285714286
경북,포항시,66,1147475,489898.0,7422.69696969697
광주,광산구,104,877001,389570.0,3745.8653846153848
광주,남구,77,871720,207988.0,2701.1428571428573
광주,동구,40,601876,104868.0,2621.7
광주,북구,100,1267659,420188.0,4201.88
광주,서구,71,957422,276468.0,3893.9154929577467
대구,군위군,2,85847,22394.0,11197.0
대구,남구,12,429574,136559.0,11379.916666666666
대구,달서구,53,1349088,520077.0,9812.77358490566
대구,달성군,41,583924,255946.0,6242.585365853659
대구,동구,47,1099711,340568.0,7246.127659574468
대구,북구,44,809522,411316.0,9348.09090909091
대구,서구,20,558249,161058.0,8052.9
대구,수성구,30,1140023,409536.0,13651.2
대구,중구,23,753937,99598.0,4330.347826086957
대전,대덕구,43,615675,166628.0,3875.0697674418607
대전,동구,37,609497,219570.0,5934.324324324324
대전,서구,50,1022442,460885.0,9217.7
대전,유성구,85,1121778,366771.0,4314.952941176471
대전,중구,53,1365247,225910.0,4262.452830188679
부산,강서구,29,328178,145207.0,5007.137931034483
부산,금정구,46,669357,208216.0,4526.434782608696
부산,기장군,61,901536,174888.0,2867.0163934426228
부산,남구,40,562945,252382.0,6309.55
부산,동구,15,291312,84653.0,5643.533333333334
부산,동래구,37,420150,274473.0,7418.189189189189
부산,부산진구,43,1336476,364707.0,8481.558139534884
부산,북구,24,784995,264872.0,11036.333333333334
부산,사상구,19,627411,196467.0,10340.368421052632
부산,사하구,31,514051,289432.0,9336.516129032258
부산,서구,22,230519,102581.0,4662.772727272727
부산,수영구,16,325084,170228.0,10639.25
부산,연제구,24,434398,211127.0,8796.958333333334
부산,영도구,19,350686,102509.0,5395.210526315789
부산,중구,7,347455,36999.0,5285.571428571428
부산,해운대구,56,1105419,374089.0,6680.160714285715
서울,강남구,39,1200173,556565.0,14270.897435897436
서울,강동구,51,1206267,498079.0,9766.254901960785
서울,강북구,44,633144,281288.0,6392.909090909091
서울,강서구,63,1250141,551899.0,8760.301587301587
서울,관악구,49,779933,479320.0,9782.040816326531
서울,광진구,32,691613,333096.0,10409.25
서울,구로구,65,1098620,386031.0,5938.9384615384615
서울,금천구,24,522907,224076.0,9336.5
서울,노원구,51,1001931,487216.0,9553.254901960785
서울,도봉구,43,982999,301554.0,7012.883720930233
서울,동대문구,40,847878,342354.0,8558.85
서울,동작구,46,609558,374777.0,8147.326086956522
서울,마포구,42,1093677,359622.0,8562.42857142857
서울,서대문구,26,674343,301034.0,11578.23076923077
서울,서초구,51,844717,407507.0,7990.333333333333
서울,성동구,35,749147,273195.0,7805.571428571428
서울,성북구,62,945635,424030.0,6839.193548387097
서울,송파구,74,1213243,646591.0,8737.716216216217
서울,양천구,41,943914,428045.0,10440.121951219513
서울,영등포구,43,732073,372863.0,8671.232558139534
서울,용산구,29,1070232,203127.0,7004.379310344828
서울,은평구,80,1103023,458762.0,5734.525
서울,종로구,29,1384708,138015.0,4759.137931034483
서울,중구,26,973938,119097.0,4580.653846153846
서울,중랑구,49,692205,377473.0,7703.530612244898
세종,세종시,16,942859,,
세종,세종특별자치시,64,438029,392223.0,6128.484375
울산,남구,46,998526,304268.0,6614.521739130435
울산,동구,23,453998,149976.0,6520.695652173913
울산,북구,51,676587,215780.0,4230.980392156863
울산,울주군,54,918859,218509.0,4046.462962962963
울산,중구,38,257017,205132.0,5398.210526315789
인천,강화군,12,176901,69562.0,5796.833333333333
인천,계양구,43,554818,277702.0,6458.186046511628
인천,남동구,68,1500832,482547.0,7096.279411764706
인천,동구,15,360553,57260.0,3817.3333333333335
인천,미추홀구,34,743853,416965.0,12263.676470588236
인천,부평구,41,1060182,493326.0,12032.341463414634
인천,서구,84,1281352,644376.0,7671.142857142857
인천,연수구,50,1063204,404791.0,8095.82
인천,옹진군,2,40746,19736.0,9868.0
인천,중구,19,393924,173185.0,9115.0
전남,강진군,7,154642,31876.0,4553.714285714285
전남,고흥군,9,343817,59898.0,6655.333333333333
전남,곡성군,11,170539,26613.0,2419.3636363636365
전남,광양시,38,626088,155317.0,4087.2894736842104
전남,구례군,5,99592,23927.0,4785.4
전남,나주시,31,663175,117215.0,3781.1290322580644
전남,담양군,6,125459,44384.0,7397.333333333333
전남,목포시,33,868445,206439.0,6255.727272727273
전남,무안군,33,604915,94103.0,2851.6060606060605
전남,보성군,7,202577,36846.0,5263.714285714285
전남,순천시,100,1200008,275352.0,2753.52
전남,신안군,10,92300,38996.0,3899.6
전남,여수시,48,1104781,265496.0,5531.166666666667
전남,영광군,5,221514,52882.0,10576.4
전남,영암군,20,420825,50789.0,2539.45
전남,완도군,11,266602,45108.0,4100.727272727273
전남,장성군,10,367896,42842.0,4284.2
전남,장흥군,3,166741,34290.0,11430.0
전남,진도군,9,193765,28323.0,3147.0
전남,함평군,9,131919,29733.0,3303.6666666666665
전남,해남군,10,212927,62557.0,6255.7
전남,화순군,15,231141,60498.0,4033.2
전북,고창군,14,304714,50631.0,3616.5
전북,군산시,54,900889,256614.0,4752.111111111111
전북,김제시,18,448463,81382.0,4521.222222222223
전북,남원시,30,412758,75011.0,2500.366666666667
전북,무주군,7,159941,22917.0,3273.8571428571427
전북,부안군,12,204338,47580.0,3965.0
전북,순창군,14,186653,26792.0,1913.7142857142858
전북,완주군,21,473655,100131.0,4768.142857142857
전북,익산시,58,1332582,267618.0,4614.103448275862
전북,임실군,11,174323,25401.0,2309.181818181818
전북,장수군,10,143195,20476.0,2047.6
전북,전주시,134,2126600,630274.0,4703.537313432836
전북,정읍시,22,555814,101240.0,4601.818181818182
전북,진안군,15,155941,24191.0,1612.7333333333333
제주,서귀포시,68,1233910,180541.0,2655.014705882353
제주,제주시,100,2085145,486084.0,4860.84
충남,계룡시,5,167304,46093.0,9218.6
충남,공주시,23,544506,100714.0,4378.869565217391
충남,금산군,18,356010,49340.0,2741.1111111111113
충남,논산시,23,436656,107525.0,4675.0
충남,당진시,40,610711,172524.0,4313.1
충남,보령시,43,467254,92746.0,2156.8837209302324
충남,부여군,22,194073,58874.0,2676.090909090909
충남,서산시,40,978889,173253.0,4331.325
충남,서천군,18,221856,47705.0,2650.277777777778
충남,아산시,75,983801,357122.0,4761.626666666667
충남,예산군,21,323177,78761.0,3750.5238095238096
충남,천안시,73,1891983,661967.0,9068.04109589041
충남,청양군,15,166114,29332.0,1955.4666666666667
충남,태안군,6,256813,59770.0,9961.666666666666
충남,홍성군,20,577956,100164.0,5008.2
충북,괴산군,14,116263,35968.0,2569.1428571428573
충북,단양군,3,199505,27061.0,9020.333333333334
충북,보은군,11,115937,30350.0,2759.090909090909
충북,영동군,16,218027,43050.0,2690.625
충북,옥천군,11,163395,48373.0,4397.545454545455
충북,음성군,33,339233,92422.0,2800.6666666666665
충북,제천시,26,754444,128437.0,4939.884615384615
충북,증평군,17,172001,37181.0,2187.1176470588234
충북,진천군,19,341965,85991.0,4525.8421052631575
충북,청주시,131,2799459,855340.0,6529.312977099236
충북,충주시,31,690290,206872.0,6673.290322580645
